A股代码,公司全称,B股代码,所属行业
601118,海南天然橡胶产业集团股份有限公司,-,A 农林牧渔
600965,河北福成五丰食品股份有限公司,-,A 农林牧渔
600540,新疆赛里木现代农业股份有限公司,-,A 农林牧渔
600354,甘肃省敦煌种业股份有限公司,-,A 农林牧渔
600257,大湖水殖股份有限公司,-,A 农林牧渔
600097,上海开创国际海洋资源股份有限公司,-,A 农林牧渔
600506,新疆库尔勒香梨股份有限公司,-,A 农林牧渔
600359,新疆塔里木农业综合开发股份有限公司,-,A 农林牧渔
600265,云南景谷林业股份有限公司,-,A 农林牧渔
600108,甘肃亚盛实业(集团)股份有限公司,-,A 农林牧渔
600598,黑龙江北大荒农业股份有限公司,-,A 农林牧渔
600371,万向德农股份有限公司,-,A 农林牧渔
600975,湖南新五丰股份有限公司,-,A 农林牧渔
600467,山东好当家海洋发展股份有限公司,-,A 农林牧渔
600532,上海宏达矿业股份有限公司,-,B 采矿业
600711,盛屯矿业集团股份有限公司,-,B 采矿业
600766,烟台园城黄金股份有限公司,-,B 采矿业
600714,青海金瑞矿业发展股份有限公司,-,B 采矿业
603993,洛阳栾川钼业集团股份有限公司,-,B 采矿业
601101,北京昊华能源股份有限公司,-,B 采矿业
600157,永泰能源股份有限公司,-,B 采矿业
600971,安徽恒源煤电股份有限公司,-,B 采矿业
601225,陕西煤业股份有限公司,-,B 采矿业
600489,中金黄金股份有限公司,-,B 采矿业
600348,阳泉煤业（集团）股份有限公司,-,B 采矿业
600397,安源煤业集团股份有限公司,-,B 采矿业
600547,山东黄金矿业股份有限公司,-,B 采矿业
600403,河南大有能源股份有限公司,-,B 采矿业
600259,广晟有色金属股份有限公司,-,B 采矿业
600188,兖州煤业股份有限公司,-,B 采矿业
600583,海洋石油工程股份有限公司,-,B 采矿业
600123,山西兰花科技创业股份有限公司,-,B 采矿业
600508,上海大屯能源股份有限公司,-,B 采矿业
600028,中国石油化工股份有限公司,-,B 采矿业
600121,郑州煤电股份有限公司,-,B 采矿业
600339,中国石油集团工程股份有限公司,-,B 采矿业
600311,甘肃荣华实业（集团）股份有限公司,-,B 采矿业
600395,贵州盘江精煤股份有限公司,-,B 采矿业
600871,中石化石油工程技术服务股份有限公司,-,B 采矿业
601088,中国神华能源股份有限公司,-,B 采矿业
601857,中国石油天然气股份有限公司,-,B 采矿业
601699,山西潞安环保能源开发股份有限公司,-,B 采矿业
601666,平顶山天安煤业股份有限公司,-,B 采矿业
600988,赤峰吉隆黄金矿业股份有限公司,-,B 采矿业
600497,云南驰宏锌锗股份有限公司,-,B 采矿业
601001,大同煤业股份有限公司,-,B 采矿业
601918,中煤新集能源股份有限公司,-,B 采矿业
601898,中国中煤能源股份有限公司,-,B 采矿业
601958,金堆城钼业股份有限公司,-,B 采矿业
601899,紫金矿业集团股份有限公司,-,B 采矿业
601168,西部矿业股份有限公司,-,B 采矿业
601808,中海油田服务股份有限公司,-,B 采矿业
603979,金诚信矿业管理股份有限公司,-,B 采矿业
601069,西部黄金股份有限公司,-,B 采矿业
601969,海南矿业股份有限公司,-,B 采矿业
601020,西藏华钰矿业股份有限公司,-,B 采矿业
603727,博迈科海洋工程股份有限公司,-,B 采矿业
603505,金石资源集团股份有限公司,-,B 采矿业
600698,湖南天雁机械股份有限公司,900946,C 制造业
600336,澳柯玛股份有限公司,-,C 制造业
600789,山东鲁抗医药股份有限公司,-,C 制造业
600385,山东金泰集团股份有限公司,-,C 制造业
600690,青岛海尔股份有限公司,-,C 制造业
600760,中航黑豹股份有限公司,-,C 制造业
600735,山东新华锦国际股份有限公司,-,C 制造业
600319,潍坊亚星化学股份有限公司,-,C 制造业
600815,厦门厦工机械股份有限公司,-,C 制造业
600388,福建龙净环保股份有限公司,-,C 制造业
600686,厦门金龙汽车集团股份有限公司,-,C 制造业
600734,福建实达集团股份有限公司,-,C 制造业
600687,甘肃刚泰控股（集团）股份有限公司,-,C 制造业
600076,康欣新材料股份有限公司,-,C 制造业
600869,远东智慧能源股份有限公司,-,C 制造业
600771,广誉远中药股份有限公司,-,C 制造业
600381,青海春天药用资源科技股份有限公司,-,C 制造业
600117,西宁特殊钢股份有限公司,-,C 制造业
600243,青海华鼎实业股份有限公司,-,C 制造业
600563,厦门法拉电子股份有限公司,-,C 制造业
600870,厦门华侨电子股份有限公司,-,C 制造业
600660,福耀玻璃工业集团股份有限公司,-,C 制造业
600592,福建龙溪轴承（集团）股份有限公司,-,C 制造业
600802,福建水泥股份有限公司,-,C 制造业
600103,福建省青山纸业股份有限公司,-,C 制造业
600262,内蒙古北方重型汽车股份有限公司,-,C 制造业
600191,包头华资实业股份有限公司,-,C 制造业
600887,内蒙古伊利实业集团股份有限公司,-,C 制造业
600295,内蒙古鄂尔多斯资源股份有限公司,900936,C 制造业
600091,包头明天科技股份有限公司,-,C 制造业
600277,亿利洁能股份有限公司,-,C 制造业
600201,金宇生物技术股份有限公司,-,C 制造业
600328,内蒙古兰太实业股份有限公司,-,C 制造业
600111,中国北方稀土(集团)高科技股份有限公司,-,C 制造业
600165,宁夏新日恒力钢丝绳股份有限公司,-,C 制造业
600146,商赢环球股份有限公司,-,C 制造业
600063,安徽皖维高新材料股份有限公司,-,C 制造业
600552,凯盛科技股份有限公司,-,C 制造业
600218,安徽全柴动力股份有限公司,-,C 制造业
600585,安徽海螺水泥股份有限公司,-,C 制造业
600808,马鞍山钢铁股份有限公司,-,C 制造业
601567,宁波三星医疗电气股份有限公司,-,C 制造业
601388,怡球金属资源再生（中国）股份有限公司,-,C 制造业
601965,中国汽车工程研究院股份有限公司,-,C 制造业
601216,内蒙古君正能源化工集团股份有限公司,-,C 制造业
601218,江苏吉鑫风能科技股份有限公司,-,C 制造业
601113,义乌华鼎锦纶股份有限公司,-,C 制造业
601908,北京京运通科技股份有限公司,-,C 制造业
601633,长城汽车股份有限公司,-,C 制造业
601996,广西丰林木业集团股份有限公司,-,C 制造业
603333,四川明星电缆股份有限公司,-,C 制造业
603766,隆鑫通用动力股份有限公司,-,C 制造业
601599,江苏鹿港文化股份有限公司,-,C 制造业
601798,甘肃蓝科石化高新装备股份有限公司,-,C 制造业
603001,浙江奥康鞋业股份有限公司,-,C 制造业
603002,宏昌电子材料股份有限公司,-,C 制造业
601011,宝泰隆新材料股份有限公司,-,C 制造业
601992,北京金隅股份有限公司,-,C 制造业
601311,骆驼集团股份有限公司,-,C 制造业
601636,株洲旗滨集团股份有限公司,-,C 制造业
601100,江苏恒立液压股份有限公司,-,C 制造业
601231,环旭电子股份有限公司,-,C 制造业
601339,百隆东方股份有限公司,-,C 制造业
603008,喜临门家具股份有限公司,-,C 制造业
601208,四川东材科技集团股份有限公司,-,C 制造业
601222,江苏林洋能源股份有限公司,-,C 制造业
601238,广州汽车集团股份有限公司,-,C 制造业
601608,中信重工机械股份有限公司,-,C 制造业
603399,锦州新华龙钼业股份有限公司,-,C 制造业
601233,桐昆集团股份有限公司,-,C 制造业
601012,隆基绿能科技股份有限公司,-,C 制造业
601677,河南明泰铝业股份有限公司,-,C 制造业
601028,江苏玉龙钢管股份有限公司,-,C 制造业
603077,四川和邦生物科技股份有限公司,-,C 制造业
601566,九牧王股份有限公司,-,C 制造业
601058,赛轮金宇集团股份有限公司,-,C 制造业
601313,江南嘉捷电梯股份有限公司,-,C 制造业
601515,汕头东风印刷股份有限公司,-,C 制造业
603366,日出东方太阳能股份有限公司,-,C 制造业
603699,苏州纽威阀门股份有限公司,-,C 制造业
601038,第一拖拉机股份有限公司,-,C 制造业
601179,中国西电电气股份有限公司,-,C 制造业
601106,中国第一重型机械股份公司,-,C 制造业
601369,西安陕鼓动力股份有限公司,-,C 制造业
601678,滨化集团股份有限公司,-,C 制造业
601717,郑州煤矿机械集团股份有限公司,-,C 制造业
601989,中国船舶重工股份有限公司,-,C 制造业
601718,际华集团股份有限公司,-,C 制造业
601177,杭州前进齿轮箱集团股份有限公司,-,C 制造业
601777,力帆实业（集团）股份有限公司,-,C 制造业
601890,江苏亚星锚链股份有限公司,-,C 制造业
601126,北京四方继保自动化股份有限公司,-,C 制造业
601558,华锐风电科技（集团）股份有限公司,-,C 制造业
601700,常熟风范电力设备股份有限公司,-,C 制造业
601137,宁波博威合金材料股份有限公司,-,C 制造业
601616,上海广电电气（集团）股份有限公司,-,C 制造业
601799,常州星宇车灯股份有限公司,-,C 制造业
600882,上海广泽食品科技股份有限公司,-,C 制造业
600587,山东新华医疗器械股份有限公司,-,C 制造业
600586,山东金晶科技股份有限公司,-,C 制造业
600529,山东省药用玻璃股份有限公司,-,C 制造业
600060,青岛海信电器股份有限公司,-,C 制造业
600579,青岛天华院化学工程股份有限公司,-,C 制造业
600507,方大特钢科技股份有限公司,-,C 制造业
600419,新疆天润乳业股份有限公司,-,C 制造业
600519,贵州茅台酒股份有限公司,-,C 制造业
600560,北京金自天正智能控制股份有限公司,-,C 制造业
600444,国机通用机械科技股份有限公司,-,C 制造业
600983,惠而浦（中国）股份有限公司,-,C 制造业
600305,江苏恒顺醋业股份有限公司,-,C 制造业
600835,上海机电股份有限公司,900925,C 制造业
600997,开滦能源化工股份有限公司,-,C 制造业
600022,山东钢铁股份有限公司,-,C 制造业
600482,中国船舶重工集团动力股份有限公司,-,C 制造业
600963,岳阳林纸股份有限公司,-,C 制造业
600987,浙江航民股份有限公司,-,C 制造业
600978,宜华生活科技股份有限公司,-,C 制造业
600961,株洲冶炼集团股份有限公司,-,C 制造业
600973,宝胜科技创新股份有限公司,-,C 制造业
600433,广东冠豪高新技术股份有限公司,-,C 制造业
600409,唐山三友化工股份有限公司,-,C 制造业
600490,鹏欣环球资源股份有限公司,-,C 制造业
600031,三一重工股份有限公司,-,C 制造业
600435,北方导航控制技术股份有限公司,-,C 制造业
600439,河南瑞贝卡发制品股份有限公司,-,C 制造业
600475,无锡华光锅炉股份有限公司,-,C 制造业
600425,新疆青松建材化工（集团）股份有限公司,-,C 制造业
600352,浙江龙盛集团股份有限公司,-,C 制造业
600485,北京信威科技集团股份有限公司,-,C 制造业
600480,凌云工业股份有限公司,-,C 制造业
600526,浙江菲达环保科技股份有限公司,-,C 制造业
600573,福建省燕京惠泉啤酒股份有限公司,-,C 制造业
600370,江苏三房巷实业股份有限公司,-,C 制造业
600460,杭州士兰微电子股份有限公司,-,C 制造业
600513,江苏联环药业股份有限公司,-,C 制造业
600375,华菱星马汽车（集团）股份有限公司,-,C 制造业
600343,陕西航天动力高科技股份有限公司,-,C 制造业
600459,贵研铂业股份有限公司,-,C 制造业
600392,盛和资源控股股份有限公司,-,C 制造业
600584,江苏长电科技股份有限公司,-,C 制造业
600251,新疆冠农果茸集团股份有限公司,-,C 制造业
600228,江西昌九生物化工股份有限公司,-,C 制造业
600782,新余钢铁股份有限公司,-,C 制造业
600276,江苏恒瑞医药股份有限公司,-,C 制造业
600557,江苏康缘药业股份有限公司,-,C 制造业
600854,江苏春兰制冷设备股份有限公司,-,C 制造业
600099,林海股份有限公司,-,C 制造业
600213,扬州亚星客车股份有限公司,-,C 制造业
600501,航天晨光股份有限公司,-,C 制造业
600290,华仪电气股份有限公司,-,C 制造业
600105,江苏永鼎股份有限公司,-,C 制造业
600522,江苏中天科技股份有限公司,-,C 制造业
603555,贵人鸟股份有限公司,-,C 制造业
600775,南京熊猫电子股份有限公司,-,C 制造业
600609,金杯汽车股份有限公司,-,C 制造业
600303,辽宁曙光汽车集团股份有限公司,-,C 制造业
600346,恒力石化股份有限公司,-,C 制造业
600363,江西联创光电科技股份有限公司,-,C 制造业
600362,江西铜业股份有限公司,-,C 制造业
600372,中航航空电子系统股份有限公司,-,C 制造业
600590,泰豪科技股份有限公司,-,C 制造业
600071,凤凰光学股份有限公司,-,C 制造业
-,大化集团大连化工股份有限公司,900951,C 制造业
600231,凌源钢铁股份有限公司,-,C 制造业
600399,抚顺特殊钢股份有限公司,-,C 制造业
600449,宁夏建材集团股份有限公司,-,C 制造业
600462,深圳九有股份有限公司,-,C 制造业
600432,吉林吉恩镍业股份有限公司,-,C 制造业
600521,浙江华海药业股份有限公司,-,C 制造业
600517,上海置信电气股份有限公司,-,C 制造业
600273,浙江嘉化能源化工股份有限公司,-,C 制造业
600271,航天信息股份有限公司,-,C 制造业
600889,南京化纤股份有限公司,-,C 制造业
600436,漳州片仔癀药业股份有限公司,-,C 制造业
600550,保定天威保变电气股份有限公司,-,C 制造业
600812,华北制药股份有限公司,-,C 制造业
600135,乐凯胶片股份有限公司,-,C 制造业
600559,河北衡水老白干酒业股份有限公司,-,C 制造业
600722,河北金牛化工股份有限公司,-,C 制造业
600230,沧州大化股份有限公司,-,C 制造业
600803,新奥生态控股股份有限公司,-,C 制造业
600186,莲花健康产业集团股份有限公司,-,C 制造业
600356,牡丹江恒丰纸业股份有限公司,-,C 制造业
600095,哈尔滨高科技(集团)股份有限公司,-,C 制造业
600182,佳通轮胎股份有限公司,-,C 制造业
600891,哈尔滨秋林集团股份有限公司,-,C 制造业
600992,贵州钢绳股份有限公司,-,C 制造业
600184,北方光电股份有限公司,-,C 制造业
600527,江苏江南高纤股份有限公司,-,C 制造业
600249,柳州两面针股份有限公司,-,C 制造业
600478,湖南科力远新能源股份有限公司,-,C 制造业
600438,通威股份有限公司,-,C 制造业
600470,安徽六国化工股份有限公司,-,C 制造业
600479,株洲千金药业股份有限公司,-,C 制造业
600594,贵州益佰制药股份有限公司,-,C 制造业
600487,江苏亨通光电股份有限公司,-,C 制造业
600405,北京动力源科技股份有限公司,-,C 制造业
600282,南京钢铁股份有限公司,-,C 制造业
600750,江中药业股份有限公司,-,C 制造业
600301,南宁化工股份有限公司,-,C 制造业
600316,江西洪都航空工业股份有限公司,-,C 制造业
600881,吉林亚泰(集团)股份有限公司,-,C 制造业
600148,长春一东离合器股份有限公司,-,C 制造业
600418,安徽江淮汽车集团股份有限公司,-,C 制造业
600549,厦门钨业股份有限公司,-,C 制造业
600984,陕西建设机械股份有限公司,-,C 制造业
600970,中国中材国际工程股份有限公司,-,C 制造业
600010,内蒙古包钢钢联股份有限公司,-,C 制造业
600885,宏发科技股份有限公司,-,C 制造业
600844,丹化化工科技股份有限公司,900921,C 制造业
603308,安徽应流机电股份有限公司,-,C 制造业
600703,三安光电股份有限公司,-,C 制造业
600426,山东华鲁恒升化工股份有限公司,-,C 制造业
600577,铜陵精达特种电磁线股份有限公司,-,C 制造业
600481,双良节能系统股份有限公司,-,C 制造业
600841,上海柴油机股份有限公司,900920,C 制造业
600781,辅仁药业集团实业股份有限公司,-,C 制造业
600531,河南豫光金铅股份有限公司,-,C 制造业
600288,大恒新纪元科技股份有限公司,-,C 制造业
600198,大唐电信科技股份有限公司,-,C 制造业
600056,中国医药健康产业股份有限公司,-,C 制造业
600083,广东博信投资控股股份有限公司,-,C 制造业
600468,天津百利特精电气股份有限公司,-,C 制造业
600329,天津中新药业集团股份有限公司,-,C 制造业
600800,天津环球磁卡股份有限公司,-,C 制造业
600535,天士力医药集团股份有限公司,-,C 制造业
600488,天津天药药业股份有限公司,-,C 制造业
600673,广东东阳光科技控股股份有限公司,-,C 制造业
600378,四川天一科技股份有限公司,-,C 制造业
600331,四川宏达股份有限公司,-,C 制造业
600137,四川浪莎控股股份有限公司,-,C 制造业
600793,宜宾纸业股份有限公司,-,C 制造业
600779,四川水井坊股份有限公司,-,C 制造业
600702,四川沱牌舍得酒业股份有限公司,-,C 制造业
600353,成都旭光电子股份有限公司,-,C 制造业
600321,四川国栋建设股份有限公司,-,C 制造业
600691,阳煤化工股份有限公司,-,C 制造业
600558,四川大西洋焊接材料股份有限公司,-,C 制造业
600678,四川金顶(集团)股份有限公司,-,C 制造业
600839,四川长虹电器股份有限公司,-,C 制造业
600741,华域汽车系统股份有限公司,-,C 制造业
600679,上海凤凰企业（集团）股份有限公司,900916,C 制造业
600210,上海紫江企业集团股份有限公司,-,C 制造业
600612,老凤祥股份有限公司,900905,C 制造业
600530,上海交大昂立股份有限公司,-,C 制造业
600196,上海复星医药（集团）股份有限公司,-,C 制造业
-,恒天凯马股份有限公司,900953,C 制造业
600320,上海振华重工（集团）股份有限公司,900947,C 制造业
600836,上海界龙实业集团股份有限公司,-,C 制造业
600851,上海海欣集团股份有限公司,900917,C 制造业
600630,上海龙头（集团）股份有限公司,-,C 制造业
600456,宝鸡钛业股份有限公司,-,C 制造业
600614,鹏起科技发展股份有限公司,900907,C 制造业
600150,中国船舶工业股份有限公司,-,C 制造业
600019,宝山钢铁股份有限公司,-,C 制造业
600819,上海耀皮玻璃集团股份有限公司,900918,C 制造业
600309,万华化学集团股份有限公司,-,C 制造业
600539,太原狮头水泥股份有限公司,-,C 制造业
600169,太原重工股份有限公司,-,C 制造业
600809,山西杏花村汾酒厂股份有限公司,-,C 制造业
600281,太原化工股份有限公司,-,C 制造业
600408,山西安泰集团股份有限公司,-,C 制造业
600740,山西焦化股份有限公司,-,C 制造业
600351,亚宝药业集团股份有限公司,-,C 制造业
600234,山西广和山水文化传播股份有限公司,-,C 制造业
603005,苏州晶方半导体科技股份有限公司,-,C 制造业
600379,陕西宝光真空电器股份有限公司,-,C 制造业
600727,山东鲁北化工股份有限公司,-,C 制造业
600219,山东南山铝业股份有限公司,-,C 制造业
600308,山东华泰纸业股份有限公司,-,C 制造业
600448,华纺股份有限公司,-,C 制造业
600600,青岛啤酒股份有限公司,-,C 制造业
600073,上海梅林正广和股份有限公司,-,C 制造业
600615,上海丰华(集团）股份有限公司,-,C 制造业
600843,上工申贝（集团）股份有限公司,900924,C 制造业
600619,上海海立(集团)股份有限公司,900910,C 制造业
600151,上海航天汽车机电股份有限公司,-,C 制造业
600104,上海汽车集团股份有限公司,-,C 制造业
600081,东风电子科技股份有限公司,-,C 制造业
600818,中路股份有限公司,900915,C 制造业
600171,上海贝岭股份有限公司,-,C 制造业
600618,上海氯碱化工股份有限公司,900908,C 制造业
600636,上海三爱富新材料股份有限公司,-,C 制造业
600597,光明乳业股份有限公司,-,C 制造业
600689,上海三毛企业（集团）股份有限公司,900922,C 制造业
600315,上海家化联合股份有限公司,-,C 制造业
600688,中国石化上海石油化工股份有限公司,-,C 制造业
600080,金花企业(集团)股份有限公司,-,C 制造业
600707,彩虹显示器件股份有限公司,-,C 制造业
600302,西安标准工业股份有限公司,-,C 制造业
600199,安徽金种子酒业股份有限公司,-,C 制造业
600567,安徽山鹰纸业股份有限公司,-,C 制造业
600761,安徽合力股份有限公司,-,C 制造业
600520,铜陵中发三佳科技股份有限公司,-,C 制造业
600255,安徽鑫科新材料股份有限公司,-,C 制造业
600237,安徽铜峰电子股份有限公司,-,C 制造业
601877,浙江正泰电器股份有限公司,-,C 制造业
600651,上海飞乐音响股份有限公司,-,C 制造业
600613,上海神奇制药投资管理股份有限公司,900904,C 制造业
600500,中化国际（控股）股份有限公司,-,C 制造业
600616,上海金枫酒业股份有限公司,-,C 制造业
600176,中国巨石股份有限公司,-,C 制造业
600582,天地科技股份有限公司,-,C 制造业
600055,北京万东医疗科技股份有限公司,-,C 制造业
600338,西藏珠峰资源股份有限公司,-,C 制造业
600211,西藏诺迪康药业股份有限公司,-,C 制造业
600873,梅花生物科技集团股份有限公司,-,C 制造业
600084,中信国安葡萄酒业股份有限公司,-,C 制造业
600089,特变电工股份有限公司,-,C 制造业
600206,有研新材料股份有限公司,-,C 制造业
600118,中国东方红卫星股份有限公司,-,C 制造业
600161,北京天坛生物制品股份有限公司,-,C 制造业
600062,华润双鹤药业股份有限公司,-,C 制造业
600085,北京同仁堂股份有限公司,-,C 制造业
600166,北汽福田汽车股份有限公司,-,C 制造业
600855,北京航天长峰股份有限公司,-,C 制造业
600100,同方股份有限公司,-,C 制造业
600127,金健米业股份有限公司,-,C 制造业
600458,株洲时代新材料科技股份有限公司,-,C 制造业
600416,湘潭电机股份有限公司,-,C 制造业
600345,武汉长江通信产业集团股份有限公司,-,C 制造业
600879,航天时代电子技术股份有限公司,-,C 制造业
-,黄石东贝电器股份有限公司,900956,C 制造业
600568,中珠医疗控股股份有限公司,-,C 制造业
600293,湖北三峡新型建材股份有限公司,-,C 制造业
600006,东风汽车股份有限公司,-,C 制造业
600079,人福医药集团股份公司,-,C 制造业
600141,湖北兴发化工集团股份有限公司,-,C 制造业
600260,湖北凯乐科技股份有限公司,-,C 制造业
600566,湖北济川药业股份有限公司,-,C 制造业
600355,精伦电子股份有限公司,-,C 制造业
600069,河南银鸽实业投资股份有限公司,-,C 制造业
600810,神马实业股份有限公司,-,C 制造业
600595,河南中孚实业股份有限公司,-,C 制造业
600569,安阳钢铁股份有限公司,-,C 制造业
600876,洛阳玻璃股份有限公司,-,C 制造业
600312,河南平高电气股份有限公司,-,C 制造业
600066,郑州宇通客车股份有限公司,-,C 制造业
600285,河南羚锐制药股份有限公司,-,C 制造业
600222,河南太龙药业股份有限公司,-,C 制造业
600898,三联商社股份有限公司,-,C 制造业
600038,中航直升机股份有限公司,-,C 制造业
600589,广东榕泰实业股份有限公司,-,C 制造业
600894,广州广日股份有限公司,-,C 制造业
600499,广东科达洁能股份有限公司,-,C 制造业
600518,康美药业股份有限公司,-,C 制造业
600866,广东肇庆星湖生物科技股份有限公司,-,C 制造业
600525,长园集团股份有限公司,-,C 制造业
600332,广州白云山医药集团股份有限公司,-,C 制造业
600685,中船海洋与防务装备股份有限公司,-,C 制造业
600183,广东生益科技股份有限公司,-,C 制造业
600516,方大炭素新材料科技股份有限公司,-,C 制造业
600768,宁波富邦精业集团股份有限公司,-,C 制造业
600160,浙江巨化股份有限公司,-,C 制造业
600261,浙江阳光照明电器集团股份有限公司,-,C 制造业
600330,天通控股股份有限公司,-,C 制造业
600883,云南博闻科技实业股份有限公司,-,C 制造业
600366,宁波韵升股份有限公司,-,C 制造业
600671,杭州天目山药业股份有限公司,-,C 制造业
600796,浙江钱江生物化学股份有限公司,-,C 制造业
600267,浙江海正药业股份有限公司,-,C 制造业
600216,浙江医药股份有限公司,-,C 制造业
600581,新疆八一钢铁股份有限公司,-,C 制造业
600888,新疆众和股份有限公司,-,C 制造业
600737,中粮屯河糖业股份有限公司,-,C 制造业
600197,新疆伊力特实业股份有限公司,-,C 制造业
600075,新疆天业股份有限公司,-,C 制造业
600096,云南云天化股份有限公司,-,C 制造业
600806,沈机集团昆明机床股份有限公司,-,C 制造业
600422,昆药集团股份有限公司,-,C 制造业
600195,中牧实业股份有限公司,-,C 制造业
600299,蓝星安迪苏股份有限公司,-,C 制造业
600192,兰州长城电工股份有限公司,-,C 制造业
600877,中国嘉陵工业股份有限公司(集团),-,C 制造业
600666,奥瑞德光电股份有限公司,-,C 制造业
600129,重庆太极实业（集团）股份有限公司,-,C 制造业
600145,新疆亿路万源实业投资控股股份有限公司,-,C 制造业
600132,重庆啤酒股份有限公司,-,C 制造业
600668,浙江尖峰集团股份有限公司,-,C 制造业
600537,亿晶光电科技股份有限公司,-,C 制造业
600059,浙江古越龙山绍兴酒股份有限公司,-,C 制造业
600152,宁波维科精华集团股份有限公司,-,C 制造业
600596,浙江新安化工集团股份有限公司,-,C 制造业
600226,浙江瀚叶股份有限公司,-,C 制造业
600235,民丰特种纸股份有限公司,-,C 制造业
600232,浙江金鹰股份有限公司,-,C 制造业
600070,浙江富润股份有限公司,-,C 制造业
600764,中电广通股份有限公司,-,C 制造业
600720,甘肃祁连山水泥集团股份有限公司,-,C 制造业
600307,甘肃酒钢集团宏兴钢铁股份有限公司,-,C 制造业
600130,宁波波导股份有限公司,-,C 制造业
600776,东方通信股份有限公司,900941,C 制造业
600872,中炬高新技术实业（集团）股份有限公司,-,C 制造业
600252,广西梧州中恒集团股份有限公司,-,C 制造业
600538,北海国发海洋生物产业股份有限公司,-,C 制造业
600227,贵州赤天化股份有限公司,-,C 制造业
600139,四川西部资源控股股份有限公司,-,C 制造业
600528,中铁高新工业股份有限公司,-,C 制造业
600391,中国航发航空科技股份有限公司,-,C 制造业
600875,东方电气股份有限公司,-,C 制造业
600601,方正科技集团股份有限公司,-,C 制造业
600608,上海宽频科技股份有限公司,-,C 制造业
600680,上海普天邮通科技股份有限公司,900930,C 制造业
600178,哈尔滨东安汽车动力股份有限公司,-,C 制造业
600202,哈尔滨空调股份有限公司,-,C 制造业
600664,哈药集团股份有限公司,-,C 制造业
600367,贵州红星发展股份有限公司,-,C 制造业
600765,中航重机股份有限公司,-,C 制造业
600523,贵州贵航汽车零部件股份有限公司,-,C 制造业
600112,贵州长征天成控股股份有限公司,-,C 制造业
600238,海南椰岛（集团）股份有限公司,-,C 制造业
600400,江苏红豆实业股份有限公司,-,C 制造业
600389,南通江山农药化工股份有限公司,-,C 制造业
600486,江苏扬农化工股份有限公司,-,C 制造业
600220,江苏阳光股份有限公司,-,C 制造业
600398,海澜之家股份有限公司,-,C 制造业
600300,维维食品饮料股份有限公司,-,C 制造业
600078,江苏澄星磷化工股份有限公司,-,C 制造业
600268,国电南京自动化股份有限公司,-,C 制造业
600862,中航航空高科技股份有限公司,-,C 制造业
600562,国睿科技股份有限公司,-,C 制造业
600074,江苏保千里视像科技集团股份有限公司,-,C 制造业
600667,无锡市太极实业股份有限公司,-,C 制造业
600390,五矿资本股份有限公司,-,C 制造业
600742,长春一汽富维汽车零部件股份有限公司,-,C 制造业
600110,诺德投资股份有限公司,-,C 制造业
600867,通化东宝药业股份有限公司,-,C 制造业
600699,宁波均胜电子股份有限公司,-,C 制造业
600360,吉林华微电子股份有限公司,-,C 制造业
600189,吉林森林工业股份有限公司,-,C 制造业
600365,通化葡萄酒股份有限公司,-,C 制造业
600893,中国航发动力股份有限公司,-,C 制造业
600801,华新水泥股份有限公司,900933,C 制造业
600745,中茵股份有限公司,-,C 制造业
600107,湖北美尔雅股份有限公司,-,C 制造业
600086,东方金钰股份有限公司,-,C 制造业
600298,安琪酵母股份有限公司,-,C 制造业
600275,湖北武昌鱼股份有限公司,-,C 制造业
600156,湖南华升股份有限公司,-,C 制造业
600731,湖南海利化工股份有限公司,-,C 制造业
600623,上海华谊集团股份有限公司,900909,C 制造业
600580,卧龙电气集团股份有限公司,-,C 制造业
600493,福建凤竹纺织科技股份有限公司,-,C 制造业
600967,内蒙古第一机械集团股份有限公司,-,C 制造业
600495,晋西车轴股份有限公司,-,C 制造业
600421,湖北仰帆控股股份有限公司,-,C 制造业
600401,海润光伏科技股份有限公司,-,C 制造业
600966,山东博汇纸业股份有限公司,-,C 制造业
600420,上海现代制药股份有限公司,-,C 制造业
600962,国投中鲁果汁股份有限公司,-,C 制造业
600143,金发科技股份有限公司,-,C 制造业
600960,山东滨州渤海活塞股份有限公司,-,C 制造业
600217,中再资源环境股份有限公司,-,C 制造业
600543,甘肃莫高实业发展股份有限公司,-,C 制造业
600792,云南煤业能源股份有限公司,-,C 制造业
600572,浙江康恩贝制药股份有限公司,-,C 制造业
600985,安徽雷鸣科化股份有限公司,-,C 制造业
600990,安徽四创电子股份有限公司,-,C 制造业
600114,东睦新材料集团股份有限公司,-,C 制造业
600980,北矿科技股份有限公司,-,C 制造业
600884,宁波杉杉股份有限公司,-,C 制造业
600429,北京三元食品股份有限公司,-,C 制造业
600380,健康元药业集团股份有限公司,-,C 制造业
600860,北京京城机电股份有限公司,-,C 制造业
600746,江苏索普化工股份有限公司,-,C 制造业
600847,重庆万里新能源股份有限公司,-,C 制造业
600469,风神轮胎股份有限公司,-,C 制造业
600172,河南黄河旋风股份有限公司,-,C 制造业
600498,烽火通信科技股份有限公司,-,C 制造业
600725,云南云维股份有限公司,-,C 制造业
600423,柳州化工股份有限公司,-,C 制造业
600126,杭州钢铁股份有限公司,-,C 制造业
603288,佛山市海天调味食品股份有限公司,-,C 制造业
601766,中国中车股份有限公司,-,C 制造业
601727,上海电气集团股份有限公司,-,C 制造业
601002,晋亿实业股份有限公司,-,C 制造业
601003,柳州钢铁股份有限公司,-,C 制造业
601005,重庆钢铁股份有限公司,-,C 制造业
601600,中国铝业股份有限公司,-,C 制造业
603328,广东依顿电子科技股份有限公司,-,C 制造业
603600,永艺家具股份有限公司,-,C 制造业
603969,天津银龙预应力材料股份有限公司,-,C 制造业
603012,上海创力集团股份有限公司,-,C 制造业
603968,南通醋酸化工股份有限公司,-,C 制造业
603838,广东四通集团股份有限公司,-,C 制造业
603589,安徽口子酒业股份有限公司,-,C 制造业
603616,北京韩建河山管业股份有限公司,-,C 制造业
603800,苏州道森钻采设备股份有限公司,-,C 制造业
603936,博敏电子股份有限公司,-,C 制造业
603696,安记食品股份有限公司,-,C 制造业
603398,广东邦宝益智玩具股份有限公司,-,C 制造业
603798,青岛康普顿科技股份有限公司,-,C 制造业
603019,曙光信息产业股份有限公司,-,C 制造业
603988,中电电机股份有限公司,-,C 制造业
603088,宁波精达成形装备股份有限公司,-,C 制造业
603011,合肥合锻智能制造股份有限公司,-,C 制造业
603997,宁波继峰汽车零部件股份有限公司,-,C 制造业
603669,灵康药业集团股份有限公司,-,C 制造业
603027,千禾味业食品股份有限公司,-,C 制造业
603861,广州白云电器设备股份有限公司,-,C 制造业
603116,浙江红蜻蜓鞋业股份有限公司,-,C 制造业
601015,陕西黑猫焦化股份有限公司,-,C 制造业
603688,江苏太平洋石英股份有限公司,-,C 制造业
603889,浙江新澳纺织股份有限公司,-,C 制造业
603998,湖南方盛制药股份有限公司,-,C 制造业
603686,福建龙马环卫装备股份有限公司,-,C 制造业
603318,大连派思燃气系统股份有限公司,-,C 制造业
603818,曲美家居集团股份有限公司,-,C 制造业
603567,黑龙江珍宝岛药业股份有限公司,-,C 制造业
603718,上海海利生物技术股份有限公司,-,C 制造业
603989,湖南艾华集团股份有限公司,-,C 制造业
603311,浙江金海环境技术股份有限公司,-,C 制造业
603198,安徽迎驾贡酒股份有限公司,-,C 制造业
603100,重庆川仪自动化股份有限公司,-,C 制造业
603188,江苏亚邦染料股份有限公司,-,C 制造业
603169,兰州兰石重型装备股份有限公司,-,C 制造业
603606,宁波东方电缆股份有限公司,-,C 制造业
603010,浙江万盛股份有限公司,-,C 制造业
603456,浙江九洲药业股份有限公司,-,C 制造业
603518,维格娜丝时装股份有限公司,-,C 制造业
603599,安徽广信农化股份有限公司,-,C 制造业
603227,新疆雪峰科技（集团）股份有限公司,-,C 制造业
603355,莱克电气股份有限公司,-,C 制造业
603006,上海联明机械股份有限公司,-,C 制造业
603558,浙江健盛集团股份有限公司,-,C 制造业
601689,宁波拓普集团股份有限公司,-,C 制造业
603158,常州腾龙汽车零部件股份有限公司,-,C 制造业
603789,星光农机股份有限公司,-,C 制造业
603519,江苏立霸实业股份有限公司,-,C 制造业
603901,杭州永创智能设备股份有限公司,-,C 制造业
603085,浙江天成自控股份有限公司,-,C 制造业
603168,浙江莎普爱思药业股份有限公司,-,C 制造业
603618,杭州电缆股份有限公司,-,C 制造业
603611,诺力机械股份有限公司,-,C 制造业
603899,上海晨光文具股份有限公司,-,C 制造业
603799,浙江华友钴业股份有限公司,-,C 制造业
603678,福建火炬电子科技股份有限公司,-,C 制造业
603898,广州好莱客创意家居股份有限公司,-,C 制造业
603118,深圳市共进电子股份有限公司,-,C 制造业
603222,浙江济民制药股份有限公司,-,C 制造业
603703,浙江盛洋科技股份有限公司,-,C 制造业
603021,山东华鹏玻璃股份有限公司,-,C 制造业
603508,河南思维自动化设备股份有限公司,-,C 制造业
603111,南京康尼机电股份有限公司,-,C 制造业
603609,辽宁禾丰牧业股份有限公司,-,C 制造业
603806,杭州福斯特应用材料股份有限公司,-,C 制造业
603369,江苏今世缘酒业股份有限公司,-,C 制造业
603309,广州维力医疗器械股份有限公司,-,C 制造业
603015,宁波弘讯科技股份有限公司,-,C 制造业
603338,浙江鼎力机械股份有限公司,-,C 制造业
603020,爱普香料集团股份有限公司,-,C 制造业
603808,深圳歌力思服饰股份有限公司,-,C 制造业
603025,北京大豪科技股份有限公司,-,C 制造业
603315,辽宁福鞍重工股份有限公司,-,C 制造业
603026,山东石大胜华化工集团股份有限公司,-,C 制造业
603023,哈尔滨威帝电子股份有限公司,-,C 制造业
601579,会稽山绍兴酒股份有限公司,-,C 制造业
603009,上海北特科技股份有限公司,-,C 制造业
603306,华懋（厦门）新材料科技股份有限公司,-,C 制造业
603166,桂林福达股份有限公司,-,C 制造业
603788,宁波高发汽车控制系统股份有限公司,-,C 制造业
603601,重庆再升科技股份有限公司,-,C 制造业
603268,广东松发陶瓷股份有限公司,-,C 制造业
603022,上海新通联包装股份有限公司,-,C 制造业
603566,普莱柯生物工程股份有限公司,-,C 制造业
603520,浙江司太立制药股份有限公司,-,C 制造业
603822,浙江嘉澳环保科技股份有限公司,-,C 制造业
603663,三祥新材股份有限公司,-,C 制造业
603033,浙江三维橡胶制品股份有限公司,-,C 制造业
603159,上海亚虹模具股份有限公司,-,C 制造业
603577,青岛汇金通电力设备股份有限公司,-,C 制造业
603218,日月重工股份有限公司,-,C 制造业
603058,贵州永吉印务股份有限公司,-,C 制造业
603878,江苏武进不锈股份有限公司,-,C 制造业
603186,浙江华正新材料股份有限公司,-,C 制造业
603339,南通四方冷链装备股份有限公司,-,C 制造业
603868,上海飞科电器股份有限公司,-,C 制造业
601882,宁波海天精工股份有限公司,-,C 制造业
603029,山东天鹅棉业机械股份有限公司,-,C 制造业
603919,金徽酒股份有限公司,-,C 制造业
603958,哈森商贸（中国）股份有限公司,-,C 制造业
603977,江西国泰民爆集团股份有限公司,-,C 制造业
601127,重庆小康工业集团股份有限公司,-,C 制造业
603389,亚振家具股份有限公司,-,C 制造业
603660,苏州科达科技股份有限公司,-,C 制造业
603866,沈阳桃李面包股份有限公司,-,C 制造业
601968,上海宝钢包装股份有限公司,-,C 制造业
603608,广州天创时尚鞋业股份有限公司,-,C 制造业
603701,浙江德宏汽车电子电器股份有限公司,-,C 制造业
603028,江苏赛福天钢索股份有限公司,-,C 制造业
601500,江苏通用科技股份有限公司,-,C 制造业
603737,三棵树涂料股份有限公司,-,C 制造业
603986,北京兆易创新科技股份有限公司,-,C 制造业
603816,顾家家居股份有限公司,-,C 制造业
603556,杭州海兴电力科技股份有限公司,-,C 制造业
603667,浙江五洲新春集团股份有限公司,-,C 制造业
603633,上海徕木电子股份有限公司,-,C 制造业
603131,上海沪工焊接集团股份有限公司,-,C 制造业
603726,浙江朗迪集团股份有限公司,-,C 制造业
603016,无锡新宏泰电器科技股份有限公司,-,C 制造业
603036,江苏如通石油机械股份有限公司,-,C 制造业
603299,江苏井神盐化股份有限公司,-,C 制造业
603203,常州快克锡焊股份有限公司,-,C 制造业
603336,宏辉果蔬股份有限公司,-,C 制造业
603987,上海康德莱企业发展集团股份有限公司,-,C 制造业
603823,百合花集团股份有限公司,-,C 制造业
603528,南京多伦科技股份有限公司,-,C 制造业
603319,湖南机油泵股份有限公司,-,C 制造业
603819,常州神力电机股份有限公司,-,C 制造业
603228,深圳市景旺电子股份有限公司,-,C 制造业
603877,宁波太平鸟时尚服饰股份有限公司,-,C 制造业
603035,常熟市汽车饰件股份有限公司,-,C 制造业
603165,浙江荣晟环保纸业股份有限公司,-,C 制造业
603038,东莞市华立实业股份有限公司,-,C 制造业
603337,杰克缝纫机股份有限公司,-,C 制造业
603996,中新科技集团股份有限公司,-,C 制造业
603779,威龙葡萄酒股份有限公司,-,C 制造业
603515,欧普照明股份有限公司,-,C 制造业
603067,湖北振华化学股份有限公司,-,C 制造业
603313,梦百合家居科技股份有限公司,-,C 制造业
603886,上海元祖梦果子股份有限公司,-,C 制造业
603266,宁波天龙电子股份有限公司,-,C 制造业
603690,上海至纯洁净系统科技股份有限公司,-,C 制造业
603677,奇精机械股份有限公司,-,C 制造业
601163,三角轮胎股份有限公司,-,C 制造业
603658,郑州安图生物工程股份有限公司,-,C 制造业
603858,山东步长制药股份有限公司,-,C 制造业
603090,无锡宏盛换热器制造股份有限公司,-,C 制造业
603738,湖北泰晶电子科技股份有限公司,-,C 制造业
603160,深圳市汇顶科技股份有限公司,-,C 制造业
603239,浙江仙通橡塑股份有限公司,-,C 制造业
603585,江苏苏利精细化工股份有限公司,-,C 制造业
603928,苏州兴业材料科技股份有限公司,-,C 制造业
603639,海利尔药业集团股份有限公司,-,C 制造业
603811,浙江诚意药业股份有限公司,-,C 制造业
603345,福建安井食品股份有限公司,-,C 制造业
603179,江苏新泉汽车饰件股份有限公司,-,C 制造业
603960,上海克来机电自动化工程股份有限公司,-,C 制造业
603586,山东金麒麟股份有限公司,-,C 制造业
603385,惠达卫浴股份有限公司,-,C 制造业
603538,宁波美诺华药业股份有限公司,-,C 制造业
603906,江苏龙蟠科技股份有限公司,-,C 制造业
603078,江阴江化微电子材料股份有限公司,-,C 制造业
603225,新凤鸣集团股份有限公司,-,C 制造业
603178,宁波圣龙汽车动力系统股份有限公司,-,C 制造业
603303,横店集团得邦照明股份有限公司,-,C 制造业
603089,浙江正裕工业股份有限公司,-,C 制造业
603113,金能科技股份有限公司,-,C 制造业
603488,展鹏科技股份有限公司,-,C 制造业
603269,江苏海鸥冷却塔股份有限公司,-,C 制造业
603180,厦门金牌厨柜股份有限公司,-,C 制造业
603042,南京华脉科技股份有限公司,-,C 制造业
603496,恒为科技（上海）股份有限公司,-,C 制造业
603980,浙江吉华集团股份有限公司,-,C 制造业
603226,上海菲林格尔木业股份有限公司,-,C 制造业
603536,山东惠发食品股份有限公司,-,C 制造业
603758,重庆秦安机电股份有限公司,-,C 制造业
601952,江苏省农垦农业发展股份有限公司,-,C 制造业
603767,浙江中马传动股份有限公司,-,C 制造业
603197,上海保隆汽车科技股份有限公司,-,C 制造业
603580,艾艾精密工业输送系统（上海）股份有限公司,-,C 制造业
603416,无锡信捷电气股份有限公司,-,C 制造业
603358,华达汽车科技股份有限公司,-,C 制造业
603429,安徽集友新材料股份有限公司,-,C 制造业
603615,茶花现代家居用品股份有限公司,-,C 制造业
603839,安正时尚集团股份有限公司,-,C 制造业
603665,浙江康隆达特种防护科技股份有限公司,-,C 制造业
603238,杭州诺邦无纺股份有限公司,-,C 制造业
603041,江苏美思德化学股份有限公司,-,C 制造业
603501,上海韦尔半导体股份有限公司,-,C 制造业
603320,浙江迪贝电气股份有限公司,-,C 制造业
603787,江苏新日电动车股份有限公司,-,C 制造业
603966,法兰泰克重工股份有限公司,-,C 制造业
603668,福建天马科技集团股份有限公司,-,C 制造业
603991,上海至正道化高分子材料股份有限公司,-,C 制造业
603908,牧高笛户外用品股份有限公司,-,C 制造业
603081,浙江大丰实业股份有限公司,-,C 制造业
603926,浙江铁流离合器股份有限公司,-,C 制造业
603803,瑞斯康达科技发展股份有限公司,-,C 制造业
603985,江阴市恒润重工股份有限公司,-,C 制造业
603086,山东先达农化股份有限公司,-,C 制造业
603628,清源科技（厦门）股份有限公司,-,C 制造业
603037,上海凯众材料科技股份有限公司,-,C 制造业
603517,绝味食品股份有限公司,-,C 制造业
603133,碳元科技股份有限公司,-,C 制造业
603656,合肥泰禾光电科技股份有限公司,-,C 制造业
603050,石家庄科林电气股份有限公司,-,C 制造业
603728,上海鸣志电器股份有限公司,-,C 制造业
603229,浙江奥翔药业股份有限公司,-,C 制造业
603896,浙江寿仙谷医药股份有限公司,-,C 制造业
603826,福建坤彩材料科技股份有限公司,-,C 制造业
601966,山东玲珑轮胎股份有限公司,-,C 制造业
603879,永悦科技股份有限公司,-,C 制造业
603298,杭叉集团股份有限公司,-,C 制造业
603208,江山欧派门业股份有限公司,-,C 制造业
603768,合肥常青机械股份有限公司,-,C 制造业
603920,广东世运电路科技股份有限公司,-,C 制造业
603833,欧派家居集团股份有限公司,-,C 制造业
603139,陕西康惠制药股份有限公司,-,C 制造业
603855,华荣科技股份有限公司,-,C 制造业
603196,日播时尚集团股份有限公司,-,C 制造业
603326,南京我乐家居股份有限公司,-,C 制造业
603638,烟台艾迪精密机械股份有限公司,-,C 制造业
603040,杭州新坐标科技股份有限公司,-,C 制造业
601212,白银有色集团股份有限公司,-,C 制造业
603330,上海天洋热熔粘接材料股份有限公司,-,C 制造业
603360,大连百傲化学股份有限公司,-,C 制造业
603579,上海荣泰健康科技股份有限公司,-,C 制造业
603626,昆山科森科技股份有限公司,-,C 制造业
603578,浙江三星新材股份有限公司,-,C 制造业
603630,拉芳家化股份有限公司,-,C 制造业
600163,中闽能源股份有限公司,-,D 水电煤气
-,内蒙古伊泰煤炭股份有限公司,900948,D 水电煤气
601199,江苏江南水务股份有限公司,-,D 水电煤气
601158,重庆水务集团股份有限公司,-,D 水电煤气
600969,湖南郴电国际发展股份有限公司,-,D 水电煤气
600483,福建福能股份有限公司,-,D 水电煤气
600982,宁波热电股份有限公司,-,D 水电煤气
600979,四川广安爱众股份有限公司,-,D 水电煤气
600167,联美量子股份有限公司,-,D 水电煤气
600719,大连热电股份有限公司,-,D 水电煤气
600795,国电电力发展股份有限公司,-,D 水电煤气
600758,辽宁红阳能源投资股份有限公司,-,D 水电煤气
600396,沈阳金山能源股份有限公司,-,D 水电煤气
600900,中国长江电力股份有限公司,-,D 水电煤气
600726,华电能源股份有限公司,900937,D 水电煤气
600864,哈尔滨哈投投资股份有限公司,-,D 水电煤气
600021,上海电力股份有限公司,-,D 水电煤气
600023,浙江浙能电力股份有限公司,-,D 水电煤气
600027,华电国际电力股份有限公司,-,D 水电煤气
600509,新疆天富能源股份有限公司,-,D 水电煤气
600674,四川川投能源股份有限公司,-,D 水电煤气
600008,北京首创股份有限公司,-,D 水电煤气
600874,天津创业环保集团股份有限公司,-,D 水电煤气
600011,华能国际电力股份有限公司,-,D 水电煤气
600578,北京京能电力股份有限公司,-,D 水电煤气
-,上海阳晨投资股份有限公司,900935,D 水电煤气
600780,山西通宝能源股份有限公司,-,D 水电煤气
600617,山西省国新能源股份有限公司,900913,D 水电煤气
600635,上海大众公用事业(集团)股份有限公司,-,D 水电煤气
600863,内蒙古蒙电华能热电股份有限公司,-,D 水电煤气
601139,深圳市燃气集团股份有限公司,-,D 水电煤气
600642,申能股份有限公司,-,D 水电煤气
600681,百川能源股份有限公司,-,D 水电煤气
600168,武汉三镇实业控股股份有限公司,-,D 水电煤气
600098,广州发展集团股份有限公司,-,D 水电煤气
600323,瀚蓝环境股份有限公司,-,D 水电煤气
600283,钱江水利开发股份有限公司,-,D 水电煤气
600886,国投电力控股股份有限公司,-,D 水电煤气
600868,广东梅雁吉祥水电股份有限公司,-,D 水电煤气
600236,广西桂冠电力股份有限公司,-,D 水电煤气
600310,广西桂东电力股份有限公司,-,D 水电煤气
600644,乐山电力股份有限公司,-,D 水电煤气
600131,四川岷江水利电力股份有限公司,-,D 水电煤气
600505,四川西昌电力股份有限公司,-,D 水电煤气
600101,四川明星电力股份有限公司,-,D 水电煤气
600187,黑龙江国中水务股份有限公司,-,D 水电煤气
600744,大唐华银电力股份有限公司,-,D 水电煤气
600333,长春燃气股份有限公司,-,D 水电煤气
600856,长春中天能源股份有限公司,-,D 水电煤气
601991,大唐国际发电股份有限公司,-,D 水电煤气
600461,江西洪城水业股份有限公司,-,D 水电煤气
600995,云南文山电力股份有限公司,-,D 水电煤气
600452,重庆涪陵电力实业股份有限公司,-,D 水电煤气
600207,河南安彩高科股份有限公司,-,D 水电煤气
600116,重庆三峡水利电力(集团)股份有限公司,-,D 水电煤气
601368,广西绿城水务股份有限公司,-,D 水电煤气
600917,重庆燃气集团股份有限公司,-,D 水电煤气
601985,中国核能电力股份有限公司,-,D 水电煤气
601016,中节能风力发电股份有限公司,-,D 水电煤气
603393,新疆鑫泰天然气股份有限公司,-,D 水电煤气
603689,安徽省天然气开发股份有限公司,-,D 水电煤气
603817,福建海峡环保集团股份有限公司,-,D 水电煤气
600193,上海创兴资源开发股份有限公司,-,E 建筑业
600496,长江精工钢结构（集团）股份有限公司,-,E 建筑业
601669,中国电力建设股份有限公司,-,E 建筑业
601800,中国交通建设股份有限公司,-,E 建筑业
601789,宁波建工股份有限公司,-,E 建筑业
601886,江河创建集团股份有限公司,-,E 建筑业
600545,新疆城建(集团)股份有限公司,-,E 建筑业
600491,龙元建设集团股份有限公司,-,E 建筑业
600039,四川路桥建设集团股份有限公司,-,E 建筑业
600502,安徽水利开发股份有限公司,-,E 建筑业
600477,杭萧钢构股份有限公司,-,E 建筑业
600853,龙建路桥股份有限公司,-,E 建筑业
-,上海汇丽建材股份有限公司,900939,E 建筑业
600820,上海隧道工程股份有限公司,-,E 建筑业
600072,中船科技股份有限公司,-,E 建筑业
600248,陕西延长石油化建股份有限公司,-,E 建筑业
600846,上海同济科技实业股份有限公司,-,E 建筑业
601618,中国冶金科工股份有限公司,-,E 建筑业
601117,中国化学工程股份有限公司,-,E 建筑业
600326,西藏天路股份有限公司,-,E 建筑业
600068,中国葛洲坝集团股份有限公司,-,E 建筑业
600133,武汉东湖高新集团股份有限公司,-,E 建筑业
600769,武汉祥龙电业股份有限公司,-,E 建筑业
600512,腾达建设集团股份有限公司,-,E 建筑业
600170,上海建工集团股份有限公司,-,E 建筑业
600284,上海浦东路桥建设股份有限公司,-,E 建筑业
600209,罗顿发展股份有限公司,-,E 建筑业
600463,北京空港科技园区股份有限公司,-,E 建筑业
600610,上海中毅达股份有限公司,900906,E 建筑业
601390,中国中铁股份有限公司,-,E 建筑业
601186,中国铁建股份有限公司,-,E 建筑业
601668,中国建筑股份有限公司,-,E 建筑业
603030,上海全筑建筑装饰集团股份有限公司,-,E 建筑业
603828,苏州柯利达装饰股份有限公司,-,E 建筑业
603778,北京乾景园林股份有限公司,-,E 建筑业
603007,花王生态工程股份有限公司,-,E 建筑业
601611,中国核工业建设股份有限公司,-,E 建筑业
603887,上海城地建设股份有限公司,-,E 建筑业
603098,森特士兴集团股份有限公司,-,E 建筑业
603929,亚翔系统集成科技（苏州）股份有限公司,-,E 建筑业
603843,正平路桥建设股份有限公司,-,E 建筑业
603955,大千生态景观股份有限公司,-,E 建筑业
600939,重庆建工集团股份有限公司,-,E 建筑业
603388,浙江元成园林集团股份有限公司,-,E 建筑业
603717,天域生态园林股份有限公司,-,E 建筑业
600180,瑞茂通供应链管理股份有限公司,-,F 批发零售
600755,厦门国贸集团股份有限公司,-,F 批发零售
600785,银川新华百货商业集团股份有限公司,-,F 批发零售
600203,福建福日电子股份有限公司,-,F 批发零售
603123,北京翠微大厦股份有限公司,-,F 批发零售
603003,上海龙宇燃油股份有限公司,-,F 批发零售
601116,三江购物俱乐部股份有限公司,-,F 批发零售
601258,庞大汽贸集团股份有限公司,-,F 批发零售
601010,文峰大世界连锁发展股份有限公司,-,F 批发零售
600998,九州通医药集团股份有限公司,-,F 批发零售
601933,永辉超市股份有限公司,-,F 批发零售
600858,银座集团股份有限公司,-,F 批发零售
600976,健民药业集团股份有限公司,-,F 批发零售
600153,厦门建发股份有限公司,-,F 批发零售
600981,江苏汇鸿国际集团股份有限公司,-,F 批发零售
600297,广汇汽车服务股份公司,-,F 批发零售
600250,南京纺织品进出口股份有限公司,-,F 批发零售
600280,南京中央商场（集团）股份有限公司,-,F 批发零售
600128,江苏弘业股份有限公司,-,F 批发零售
600713,南京医药股份有限公司,-,F 批发零售
600122,江苏宏图高科技股份有限公司,-,F 批发零售
600682,南京新街口百货商店股份有限公司,-,F 批发零售
600327,无锡商业大厦大东方股份有限公司,-,F 批发零售
600306,沈阳商业城股份有限公司,-,F 批发零售
600739,辽宁成大股份有限公司,-,F 批发零售
600694,大商股份有限公司,-,F 批发零售
600241,辽宁时代万恒股份有限公司,-,F 批发零售
600747,大连大福控股股份有限公司,-,F 批发零售
600287,江苏舜天股份有限公司,-,F 批发零售
600387,浙江海越股份有限公司,-,F 批发零售
600247,吉林成城集团股份有限公司,-,F 批发零售
600546,山煤国际能源集团股份有限公司,-,F 批发零售
600829,哈药集团人民同泰医药股份有限公司,-,F 批发零售
600386,北京巴士传媒股份有限公司,-,F 批发零售
600361,北京华联综合超市股份有限公司,-,F 批发零售
600335,国机汽车股份有限公司,-,F 批发零售
600821,天津劝业场（集团）股份有限公司,-,F 批发零售
600648,上海外高桥集团股份有限公司,900912,F 批发零售
600822,上海物资贸易股份有限公司,900927,F 批发零售
601607,上海医药集团股份有限公司,-,F 批发零售
600272,上海开开实业股份有限公司,900943,F 批发零售
600605,上海汇通能源股份有限公司,-,F 批发零售
600626,上海申达股份有限公司,-,F 批发零售
600653,上海申华控股股份有限公司,-,F 批发零售
600827,上海百联集团股份有限公司,900923,F 批发零售
600824,上海益民商业集团股份有限公司,-,F 批发零售
600278,东方国际创业股份有限公司,-,F 批发零售
600647,上海同达创业投资股份有限公司,-,F 批发零售
600826,上海兰生股份有限公司,-,F 批发零售
600833,上海第一医药股份有限公司,-,F 批发零售
600628,上海新世界股份有限公司,-,F 批发零售
600778,新疆友好（集团）股份有限公司,-,F 批发零售
600058,五矿发展股份有限公司,-,F 批发零售
600313,中农发种业集团股份有限公司,-,F 批发零售
600723,北京首商集团股份有限公司,-,F 批发零售
600859,王府井集团股份有限公司,-,F 批发零售
600861,北京城乡商业（集团）股份有限公司,-,F 批发零售
600511,国药集团药业股份有限公司,-,F 批发零售
600753,河南东方银星投资股份有限公司,-,F 批发零售
600774,武汉市汉商集团股份有限公司,-,F 批发零售
600814,杭州解百集团股份有限公司,-,F 批发零售
600865,百大集团股份有限公司,-,F 批发零售
600857,宁波中百股份有限公司,-,F 批发零售
600120,浙江东方集团股份有限公司,-,F 批发零售
600051,宁波联合集团股份有限公司,-,F 批发零售
600704,物产中大集团股份有限公司,-,F 批发零售
600090,新疆同济堂健康产业股份有限公司,-,F 批发零售
600337,美克国际家居用品股份有限公司,-,F 批发零售
600738,兰州民百(集团)股份有限公司,-,F 批发零售
600729,重庆百货大楼股份有限公司,-,F 批发零售
600677,航天通信控股集团股份有限公司,-,F 批发零售
600712,南宁百货大楼股份有限公司,-,F 批发零售
600828,茂业商业股份有限公司,-,F 批发零售
600838,上海九百股份有限公司,-,F 批发零售
600811,东方集团股份有限公司,-,F 批发零售
600515,海南海航基础设施投资集团股份有限公司,-,F 批发零售
600759,洲际油气股份有限公司,-,F 批发零售
600382,广东明珠集团股份有限公司,-,F 批发零售
600710,常林股份有限公司,-,F 批发零售
600697,长春欧亚集团股份有限公司,-,F 批发零售
600655,上海豫园旅游商城股份有限公司,-,F 批发零售
600993,马应龙药业集团股份有限公司,-,F 批发零售
600693,福建东百集团股份有限公司,-,F 批发零售
603368,广西柳州医药股份有限公司,-,F 批发零售
603939,益丰大药房连锁股份有限公司,-,F 批发零售
603108,上海润达医疗科技股份有限公司,-,F 批发零售
603883,老百姓大药房连锁股份有限公司,-,F 批发零售
603101,新疆汇嘉时代百货股份有限公司,-,F 批发零售
603031,安徽安德利百货股份有限公司,-,F 批发零售
603777,上海来伊份股份有限公司,-,F 批发零售
603900,通灵珠宝股份有限公司,-,F 批发零售
603716,武汉塞力斯医疗科技股份有限公司,-,F 批发零售
603708,家家悦集团股份有限公司,-,F 批发零售
601366,青岛利群百货集团股份有限公司,-,F 批发零售
600033,福建发展高速公路股份有限公司,-,G 运输仓储
600897,元翔（厦门）国际航空港股份有限公司,-,G 运输仓储
603167,渤海轮渡股份有限公司,-,G 运输仓储
603128,港中旅华贸国际物流股份有限公司,-,G 运输仓储
601518,吉林高速公路股份有限公司,-,G 运输仓储
601188,黑龙江交通发展股份有限公司,-,G 运输仓储
601000,唐山港集团股份有限公司,-,G 运输仓储
601018,宁波舟山港股份有限公司,-,G 运输仓储
601880,大连港股份有限公司,-,G 运输仓储
600350,山东高速股份有限公司,-,G 运输仓储
600029,中国南方航空股份有限公司,-,G 运输仓储
600020,河南中原高速公路股份有限公司,-,G 运输仓储
600575,安徽皖江物流（集团）股份有限公司,-,G 运输仓储
600561,江西长运股份有限公司,-,G 运输仓储
600269,江西赣粤高速公路股份有限公司,-,G 运输仓储
600377,江苏宁沪高速公路股份有限公司,-,G 运输仓储
600190,锦州港股份有限公司,900952,G 运输仓储
600233,圆通速递股份有限公司,-,G 运输仓储
600035,湖北楚天高速公路股份有限公司,-,G 运输仓储
600368,广西五洲交通股份有限公司,-,G 运输仓储
600012,安徽皖通高速公路股份有限公司,-,G 运输仓储
600115,中国东方航空股份有限公司,-,G 运输仓储
600270,中外运空运发展股份有限公司,-,G 运输仓储
600751,天津天海投资发展股份有限公司,900938,G 运输仓储
600787,中储发展股份有限公司,-,G 运输仓储
600650,上海锦江国际实业投资股份有限公司,900914,G 运输仓储
600611,大众交通（集团）股份有限公司,900903,G 运输仓储
600676,上海交运集团股份有限公司,-,G 运输仓储
600119,长发集团长江投资实业股份有限公司,-,G 运输仓储
600026,中远海运能源运输股份有限公司,-,G 运输仓储
600834,上海申通地铁股份有限公司,-,G 运输仓储
600662,上海强生控股股份有限公司,-,G 运输仓储
600242,中昌大数据股份有限公司,-,G 运输仓储
600428,中远海运特种运输股份有限公司,-,G 运输仓储
600548,深圳高速公路股份有限公司,-,G 运输仓储
600798,宁波海运股份有限公司,-,G 运输仓储
600794,张家港保税科技股份有限公司,-,G 运输仓储
600106,重庆路桥股份有限公司,-,G 运输仓储
600279,重庆港九股份有限公司,-,G 运输仓储
600692,上海亚通股份有限公司,-,G 运输仓储
600009,上海国际机场股份有限公司,-,G 运输仓储
600018,上海国际港务（集团）股份有限公司,-,G 运输仓储
600221,海南航空控股股份有限公司,900945,G 运输仓储
600179,安通控股股份有限公司,-,G 运输仓储
601006,大秦铁路股份有限公司,-,G 运输仓储
601111,中国国际航空股份有限公司,-,G 运输仓储
600017,日照港股份有限公司,-,G 运输仓储
601872,招商局能源运输股份有限公司,-,G 运输仓储
601333,广深铁路股份有限公司,-,G 运输仓储
600004,广州白云国际机场股份有限公司,-,G 运输仓储
600717,天津港股份有限公司,-,G 运输仓储
600125,中铁铁龙集装箱物流股份有限公司,-,G 运输仓储
600317,营口港务股份有限公司,-,G 运输仓储
601866,中远海运发展股份有限公司,-,G 运输仓储
601107,四川成渝高速公路股份有限公司,-,G 运输仓储
601008,江苏连云港港口股份有限公司,-,G 运输仓储
601919,中远海运控股股份有限公司,-,G 运输仓储
601021,春秋航空股份有限公司,-,G 运输仓储
603066,南京音飞储存设备股份有限公司,-,G 运输仓储
603223,恒通物流股份有限公司,-,G 运输仓储
603885,上海吉祥航空股份有限公司,-,G 运输仓储
603032,德力西新疆交通运输集团股份有限公司,-,G 运输仓储
603069,海南海汽运输集团股份有限公司,-,G 运输仓储
601228,广州港股份有限公司,-,G 运输仓储
600754,上海锦江国际酒店发展股份有限公司,900934,H 住宿餐饮
600258,北京首旅酒店（集团）股份有限公司,-,H 住宿餐饮
601007,金陵饭店股份有限公司,-,H 住宿餐饮
600756,浪潮软件股份有限公司,-,I 信息技术
601929,吉视传媒股份有限公司,-,I 信息技术
603000,人民网股份有限公司,-,I 信息技术
601519,上海大智慧股份有限公司,-,I 信息技术
600797,浙大网新科技股份有限公司,-,I 信息技术
600050,中国联合网络通信股份有限公司,-,I 信息技术
600410,北京华胜天成科技股份有限公司,-,I 信息技术
600536,中国软件与技术服务股份有限公司,-,I 信息技术
600718,东软集团股份有限公司,-,I 信息技术
600406,国电南瑞科技股份有限公司,-,I 信息技术
600476,湖南湘邮科技股份有限公司,-,I 信息技术
600892,大晟时代文化投资股份有限公司,-,I 信息技术
600289,亿阳信通股份有限公司,-,I 信息技术
600446,深圳市金证科技股份有限公司,-,I 信息技术
600986,科达集团股份有限公司,-,I 信息技术
600728,佳都新太科技股份有限公司,-,I 信息技术
600556,广西慧球科技股份有限公司,-,I 信息技术
600804,鹏博士电信传媒集团股份有限公司,-,I 信息技术
600634,上海中技投资控股股份有限公司,-,I 信息技术
600831,陕西广电网络传媒（集团）股份有限公司,-,I 信息技术
600637,上海东方明珠新媒体股份有限公司,-,I 信息技术
600602,云赛智联股份有限公司,900901,I 信息技术
600652,上海游久游戏股份有限公司,-,I 信息技术
600845,上海宝信软件股份有限公司,900926,I 信息技术
600767,运盛(上海)医疗科技股份有限公司,-,I 信息技术
600037,北京歌华有线电视网络股份有限公司,-,I 信息技术
600588,用友网络科技股份有限公司,-,I 信息技术
600571,信雅达系统工程股份有限公司,-,I 信息技术
600850,上海华东电脑股份有限公司,-,I 信息技术
600654,中安消股份有限公司,-,I 信息技术
600701,哈尔滨工大高新技术产业开发股份有限公司,-,I 信息技术
600570,恒生电子股份有限公司,-,I 信息技术
600959,江苏省广电有线信息网络股份有限公司,-,I 信息技术
603918,上海金桥信息股份有限公司,-,I 信息技术
603636,南威软件股份有限公司,-,I 信息技术
603444,厦门吉比特网络技术股份有限公司,-,I 信息技术
603888,新华网股份有限公司,-,I 信息技术
603258,杭州电魂网络科技股份有限公司,-,I 信息技术
600936,广西广播电视信息网络股份有限公司,-,I 信息技术
603322,广东超讯通信技术股份有限公司,-,I 信息技术
603189,上海网达软件股份有限公司,-,I 信息技术
603421,青岛鼎信通讯股份有限公司,-,I 信息技术
603559,中通国脉通信股份有限公司,-,I 信息技术
603990,苏州麦迪斯顿医疗科技股份有限公司,-,I 信息技术
603383,福建顶点软件股份有限公司,-,I 信息技术
603039,上海泛微网络科技股份有限公司,-,I 信息技术
603232,上海格尔软件股份有限公司,-,I 信息技术
600996,贵州省广播电视信息网络股份有限公司,-,I 信息技术
603881,上海数据港股份有限公司,-,I 信息技术
603138,北京海量数据技术股份有限公司,-,I 信息技术
600291,内蒙古西水创业股份有限公司,-,J 金融业
600318,安徽新力金融股份有限公司,-,J 金融业
601555,东吴证券股份有限公司,-,J 金融业
601901,方正证券股份有限公司,-,J 金融业
601336,新华人寿保险股份有限公司,-,J 金融业
601688,华泰证券股份有限公司,-,J 金融业
601288,中国农业银行股份有限公司,-,J 金融业
601818,中国光大银行股份有限公司,-,J 金融业
601377,兴业证券股份有限公司,-,J 金融业
600816,安信信托股份有限公司,-,J 金融业
600015,华夏银行股份有限公司,-,J 金融业
600155,河北宝硕股份有限公司,-,J 金融业
600705,中航资本控股股份有限公司,-,J 金融业
600643,上海爱建集团股份有限公司,-,J 金融业
600000,上海浦东发展银行股份有限公司,-,J 金融业
600061,国投安信股份有限公司,-,J 金融业
600695,上海绿庭投资控股集团股份有限公司,900919,J 金融业
601788,光大证券股份有限公司,-,J 金融业
600999,招商证券股份有限公司,-,J 金融业
600837,海通证券股份有限公司,-,J 金融业
600016,中国民生银行股份有限公司,-,J 金融业
600369,西南证券股份有限公司,-,J 金融业
600036,招商银行股份有限公司,-,J 金融业
600030,中信证券股份有限公司,-,J 金融业
600109,国金证券股份有限公司,-,J 金融业
600599,熊猫金控股份有限公司,-,J 金融业
601398,中国工商银行股份有限公司,-,J 金融业
601628,中国人寿保险股份有限公司,-,J 金融业
601166,兴业银行股份有限公司,-,J 金融业
601988,中国银行股份有限公司,-,J 金融业
601601,中国太平洋保险（集团）股份有限公司,-,J 金融业
601099,太平洋证券股份有限公司,-,J 金融业
601318,中国平安保险（集团）股份有限公司,-,J 金融业
601998,中信银行股份有限公司,-,J 金融业
601328,交通银行股份有限公司,-,J 金融业
601009,南京银行股份有限公司,-,J 金融业
601169,北京银行股份有限公司,-,J 金融业
601939,中国建设银行股份有限公司,-,J 金融业
601198,东兴证券股份有限公司,-,J 金融业
600958,东方证券股份有限公司,-,J 金融业
601211,国泰君安证券股份有限公司,-,J 金融业
600909,华安证券股份有限公司,-,J 金融业
601128,江苏常熟农村商业银行股份有限公司,-,J 金融业
601229,上海银行股份有限公司,-,J 金融业
603323,江苏吴江农村商业银行股份有限公司,-,J 金融业
600919,江苏银行股份有限公司,-,J 金融业
601997,贵阳银行股份有限公司,-,J 金融业
601375,中原证券股份有限公司,-,J 金融业
601881,中国银河证券股份有限公司,-,J 金融业
600908,无锡农村商业银行股份有限公司,-,J 金融业
600926,杭州银行股份有限公司,-,J 金融业
600162,深圳香江控股股份有限公司,-,K 房地产
600067,冠城大通股份有限公司,-,K 房地产
600807,山东天业恒基股份有限公司,-,K 房地产
600240,北京华业资本控股股份有限公司,-,K 房地产
600159,北京市大龙伟业房地产开发股份有限公司,-,K 房地产
600223,鲁商置业股份有限公司,-,K 房地产
-,上海凌云实业发展股份有限公司,900957,K 房地产
600533,南京栖霞建设股份有限公司,-,K 房地产
600064,南京高科股份有限公司,-,K 房地产
-,江苏新城地产股份有限公司,900950,K 房地产
600736,苏州新区高新技术产业股份有限公司,-,K 房地产
600510,黑牡丹（集团）股份有限公司,-,K 房地产
600053,昆吾九鼎投资控股股份有限公司,-,K 房地产
600077,宋都基业投资股份有限公司,-,K 房地产
600716,江苏凤凰置业投资股份有限公司,-,K 房地产
600173,卧龙地产集团股份有限公司,-,K 房地产
600340,华夏幸福基业股份有限公司,-,K 房地产
600325,珠海华发实业股份有限公司,-,K 房地产
600503,华丽家族股份有限公司,-,K 房地产
600724,宁波富达股份有限公司,-,K 房地产
600158,中体产业集团股份有限公司,-,K 房地产
600322,天津市房地产发展（集团）股份有限公司,-,K 房地产
600649,上海城投控股股份有限公司,-,K 房地产
600638,上海新黄浦置业股份有限公司,-,K 房地产
600604,上海市北高新股份有限公司,900902,K 房地产
600732,上海新梅置业股份有限公司,-,K 房地产
600823,上海世茂股份有限公司,-,K 房地产
600665,天地源股份有限公司,-,K 房地产
600748,上海实业发展股份有限公司,-,K 房地产
600696,匹凸匹金融信息服务（上海）股份有限公司,-,K 房地产
600185,格力地产股份有限公司,-,K 房地产
600094,上海大名城企业股份有限公司,900940,K 房地产
600225,天津松江股份有限公司,-,K 房地产
600622,上海嘉宝实业(集团)股份有限公司,-,K 房地产
600708,光明房地产集团股份有限公司,-,K 房地产
600730,中国高科集团股份有限公司,-,K 房地产
600817,西安宏盛科技发展股份有限公司,-,K 房地产
600641,上海万业企业股份有限公司,-,K 房地产
600606,绿地控股集团股份有限公司,-,K 房地产
600675,中华企业股份有限公司,-,K 房地产
600663,上海陆家嘴金融贸易区开发股份有限公司,900932,K 房地产
600773,西藏城市发展投资股份有限公司,-,K 房地产
600376,北京首都开发股份有限公司,-,K 房地产
600007,中国国际贸易中心股份有限公司,-,K 房地产
600246,北京万通地产股份有限公司,-,K 房地产
600266,北京城建投资发展股份有限公司,-,K 房地产
600657,信达地产股份有限公司,-,K 房地产
600658,北京电子城投资开发股份有限公司,-,K 房地产
600683,京投发展股份有限公司,-,K 房地产
600052,浙江广厦股份有限公司,-,K 房地产
600208,新湖中宝股份有限公司,-,K 房地产
600239,云南城投置业股份有限公司,-,K 房地产
600565,重庆市迪马实业股份有限公司,-,K 房地产
600177,雅戈尔集团股份有限公司,-,K 房地产
600684,广州珠江实业开发股份有限公司,-,K 房地产
600383,金地（集团）股份有限公司,-,K 房地产
600393,广州粤泰集团股份有限公司,-,K 房地产
600733,成都前锋电子股份有限公司,-,K 房地产
600466,四川蓝光发展股份有限公司,-,K 房地产
600621,上海华鑫股份有限公司,-,K 房地产
600791,京能置业股份有限公司,-,K 房地产
600215,长春经开(集团)股份有限公司,-,K 房地产
600890,中房置业股份有限公司,-,K 房地产
601588,北京北辰实业股份有限公司,-,K 房地产
600555,海航创新（海南）股份有限公司,900955,K 房地产
600048,保利房地产（集团）股份有限公司,-,K 房地产
600848,上海临港控股股份有限公司,900928,K 房地产
600639,上海金桥出口加工区开发股份有限公司,900911,K 房地产
600743,华远地产股份有限公司,-,K 房地产
601155,新城控股集团股份有限公司,-,K 房地产
600057,厦门象屿股份有限公司,-,L 商务服务
600358,国旅联合股份有限公司,-,L 商务服务
600415,浙江中国小商品城集团股份有限公司,-,L 商务服务
600640,号百控股股份有限公司,-,L 商务服务
600093,易见供应链管理股份有限公司,-,L 商务服务
-,上海锦江国际旅游股份有限公司,900929,L 商务服务
601888,中国国旅股份有限公司,-,L 商务服务
600138,中青旅控股股份有限公司,-,L 商务服务
600830,香溢融通控股集团股份有限公司,-,L 商务服务
600790,浙江中国轻纺城集团股份有限公司,-,L 商务服务
600113,浙江东日股份有限公司,-,L 商务服务
603117,江苏万林现代物流股份有限公司,-,L 商务服务
603729,上海龙韵广告传播股份有限公司,-,L 商务服务
603300,浙江华铁建筑安全科技股份有限公司,-,L 商务服务
603598,引力传媒股份有限公司,-,L 商务服务
603569,北京长久物流股份有限公司,-,L 商务服务
600645,中源协和细胞基因工程股份有限公司,-,M 科研服务
600629,华东建筑集团股份有限公司,-,M 科研服务
600721,新疆百花村股份有限公司,-,M 科研服务
601226,华电重工股份有限公司,-,M 科研服务
603017,中衡设计集团股份有限公司,-,M 科研服务
603018,中设设计集团股份有限公司,-,M 科研服务
603698,航天长征化学工程股份有限公司,-,M 科研服务
603126,中材节能股份有限公司,-,M 科研服务
603060,中国建材检验认证集团股份有限公司,-,M 科研服务
603859,能科节能技术股份有限公司,-,M 科研服务
603959,湖南百利工程科技股份有限公司,-,M 科研服务
603909,合诚工程咨询集团股份有限公司,-,M 科研服务
603637,镇海石化工程股份有限公司,-,M 科研服务
600593,大连圣亚旅游控股股份有限公司,-,N 公共环保
600706,西安曲江文化旅游股份有限公司,-,N 公共环保
600054,黄山旅游发展股份有限公司,900942,N 公共环保
600292,国家电投集团远达环保股份有限公司,-,N 公共环保
600749,西藏旅游股份有限公司,-,N 公共环保
603099,长白山旅游股份有限公司,-,N 公共环保
603588,北京高能时代环境技术股份有限公司,-,N 公共环保
603199,安徽九华山旅游发展股份有限公司,-,N 公共环保
603568,浙江伟明环保股份有限公司,-,N 公共环保
603869,北部湾旅游股份有限公司,-,N 公共环保
603603,博天环境集团股份有限公司,-,N 公共环保
603200,上海洗霸科技股份有限公司,-,N 公共环保
601200,上海环境集团股份有限公司,-,N 公共环保
603903,中持水务股份有限公司,-,N 公共环保
603797,广东联泰环保股份有限公司,-,N 公共环保
603177,浙江德创环保科技股份有限公司,-,N 公共环保
600661,上海新南洋股份有限公司,-,P 教育
603377,东方时尚驾驶学校股份有限公司,-,P 教育
600896,览海医疗产业投资股份有限公司,-,Q 卫生
600763,通策医疗投资股份有限公司,-,Q 卫生
600551,时代出版传媒股份有限公司,-,R 文化传播
601928,江苏凤凰出版传媒股份有限公司,-,R 文化传播
601098,中南出版传媒集团股份有限公司,-,R 文化传播
600373,中文天地出版传媒股份有限公司,-,R 文化传播
600715,文投控股股份有限公司,-,R 文化传播
600825,上海新华传媒股份有限公司,-,R 文化传播
600229,青岛城市传媒股份有限公司,-,R 文化传播
600633,浙报数字文化集团股份有限公司,-,R 文化传播
600757,长江出版传媒股份有限公司,-,R 文化传播
601801,安徽新华传媒股份有限公司,-,R 文化传播
600088,中视传媒股份有限公司,-,R 文化传播
600136,武汉当代明诚文化股份有限公司,-,R 文化传播
600576,浙江万好万家文化股份有限公司,-,R 文化传播
600880,成都博瑞传播股份有限公司,-,R 文化传播
601999,北方联合出版传媒（集团）股份有限公司,-,R 文化传播
601900,南方出版传媒股份有限公司,-,R 文化传播
603999,读者出版传媒股份有限公司,-,R 文化传播
600977,中国电影股份有限公司,-,R 文化传播
601811,新华文轩出版传媒股份有限公司,-,R 文化传播
601595,上海电影股份有限公司,-,R 文化传播
603096,新经典文化股份有限公司,-,R 文化传播
601858,中国科技出版传媒股份有限公司,-,R 文化传播
600784,鲁银投资集团股份有限公司,-,S 综合
600783,鲁信创业投资集团股份有限公司,-,S 综合
600777,山东新潮能源股份有限公司,-,S 综合
600770,江苏综艺股份有限公司,-,S 综合
600200,江苏吴中实业股份有限公司,-,S 综合
600149,廊坊发展股份有限公司,-,S 综合
600455,西安博通资讯股份有限公司,-,S 综合
600805,江苏悦达投资股份有限公司,-,S 综合
600082,天津海泰科技发展股份有限公司,-,S 综合
600603,广汇物流股份有限公司,-,S 综合
600895,上海张江高科技园区开发股份有限公司,-,S 综合
600620,上海市天宸股份有限公司,-,S 综合
600624,上海复旦复华科技股份有限公司,-,S 综合
600256,广汇能源股份有限公司,-,S 综合
600175,美都能源股份有限公司,-,S 综合
600212,山东江泉实业股份有限公司,-,S 综合
